-- phpMyAdmin SQL Dump
-- version 5.2.0
-- https://www.phpmyadmin.net/
--
-- Host: 127.0.0.1:3306
-- Generation Time: Aug 02, 2023 at 05:53 AM
-- Server version: 8.0.31
-- PHP Version: 8.0.26

SET SQL_MODE = "NO_AUTO_VALUE_ON_ZERO";
START TRANSACTION;
SET time_zone = "+00:00";


/*!40101 SET @OLD_CHARACTER_SET_CLIENT=@@CHARACTER_SET_CLIENT */;
/*!40101 SET @OLD_CHARACTER_SET_RESULTS=@@CHARACTER_SET_RESULTS */;
/*!40101 SET @OLD_COLLATION_CONNECTION=@@COLLATION_CONNECTION */;
/*!40101 SET NAMES utf8mb4 */;

--
-- Database: `ikonic_coding_challenge`
--

-- --------------------------------------------------------

--
-- Table structure for table `connections`
--

DROP TABLE IF EXISTS `connections`;
CREATE TABLE IF NOT EXISTS `connections` (
  `id` bigint UNSIGNED NOT NULL AUTO_INCREMENT,
  `user_id` bigint UNSIGNED DEFAULT NULL,
  `connected_user_id` bigint UNSIGNED DEFAULT NULL,
  `created_at` timestamp NULL DEFAULT NULL,
  `updated_at` timestamp NULL DEFAULT NULL,
  PRIMARY KEY (`id`)
) ENGINE=MyISAM AUTO_INCREMENT=59 DEFAULT CHARSET=utf8mb4 COLLATE=utf8mb4_unicode_ci;

--
-- Dumping data for table `connections`
--

INSERT INTO `connections` (`id`, `user_id`, `connected_user_id`, `created_at`, `updated_at`) VALUES
(2, 1, 3, NULL, NULL),
(3, 1, 4, NULL, NULL),
(4, 1, 5, NULL, NULL),
(5, 3, 4, '2023-07-31 23:57:09', '2023-07-31 23:57:09'),
(6, 62, 64, '2023-07-31 23:57:09', '2023-07-31 23:57:09'),
(7, 5, 3, '2023-07-31 23:57:09', '2023-07-31 23:57:09'),
(8, 5, 6, '2023-07-31 23:57:09', '2023-07-31 23:57:09'),
(9, 5, 4, '2023-07-31 23:57:09', '2023-07-31 23:57:09'),
(10, 1, 6, '2023-07-31 23:57:09', '2023-07-31 23:57:09'),
(11, 67, 64, '2023-07-31 23:57:09', '2023-07-31 23:57:09'),
(12, 68, 67, '2023-07-31 23:57:09', '2023-07-31 23:57:09'),
(13, 69, 65, '2023-07-31 23:57:09', '2023-07-31 23:57:09'),
(14, 70, 68, '2023-07-31 23:57:09', '2023-07-31 23:57:09'),
(15, 71, 79, '2023-08-01 00:03:57', '2023-08-01 00:03:57'),
(16, 72, 80, '2023-08-01 00:03:57', '2023-08-01 00:03:57'),
(17, 73, 78, '2023-08-01 00:03:57', '2023-08-01 00:03:57'),
(18, 74, 80, '2023-08-01 00:03:57', '2023-08-01 00:03:57'),
(19, 75, 79, '2023-08-01 00:03:57', '2023-08-01 00:03:57'),
(20, 76, 73, '2023-08-01 00:03:57', '2023-08-01 00:03:57'),
(21, 77, 72, '2023-08-01 00:03:57', '2023-08-01 00:03:57'),
(22, 78, 71, '2023-08-01 00:03:57', '2023-08-01 00:03:57'),
(23, 79, 78, '2023-08-01 00:03:57', '2023-08-01 00:03:57'),
(24, 80, 71, '2023-08-01 00:03:57', '2023-08-01 00:03:57'),
(25, 81, 82, '2023-08-01 00:06:44', '2023-08-01 00:06:44'),
(26, 82, 84, '2023-08-01 00:06:44', '2023-08-01 00:06:44'),
(27, 83, 82, '2023-08-01 00:06:44', '2023-08-01 00:06:44'),
(28, 84, 89, '2023-08-01 00:06:44', '2023-08-01 00:06:44'),
(29, 85, 81, '2023-08-01 00:06:44', '2023-08-01 00:06:44'),
(30, 86, 83, '2023-08-01 00:06:44', '2023-08-01 00:06:44'),
(31, 87, 85, '2023-08-01 00:06:44', '2023-08-01 00:06:44'),
(32, 88, 90, '2023-08-01 00:06:44', '2023-08-01 00:06:44'),
(33, 89, 84, '2023-08-01 00:06:44', '2023-08-01 00:06:44'),
(34, 90, 87, '2023-08-01 00:06:44', '2023-08-01 00:06:44'),
(35, 91, 99, '2023-08-01 00:09:18', '2023-08-01 00:09:18'),
(36, 92, 100, '2023-08-01 00:09:18', '2023-08-01 00:09:18'),
(37, 93, 100, '2023-08-01 00:09:18', '2023-08-01 00:09:18'),
(38, 94, 96, '2023-08-01 00:09:18', '2023-08-01 00:09:18'),
(39, 95, 93, '2023-08-01 00:09:18', '2023-08-01 00:09:18'),
(40, 96, 99, '2023-08-01 00:09:18', '2023-08-01 00:09:18'),
(41, 97, 100, '2023-08-01 00:09:18', '2023-08-01 00:09:18'),
(42, 98, 93, '2023-08-01 00:09:18', '2023-08-01 00:09:18'),
(43, 99, 92, '2023-08-01 00:09:18', '2023-08-01 00:09:18'),
(44, 100, 93, '2023-08-01 00:09:18', '2023-08-01 00:09:18'),
(45, 101, 107, '2023-08-01 00:09:50', '2023-08-01 00:09:50'),
(46, 102, 106, '2023-08-01 00:09:50', '2023-08-01 00:09:50'),
(47, 103, 101, '2023-08-01 00:09:50', '2023-08-01 00:09:50'),
(48, 104, 103, '2023-08-01 00:09:50', '2023-08-01 00:09:50'),
(49, 105, 102, '2023-08-01 00:09:50', '2023-08-01 00:09:50'),
(50, 106, 107, '2023-08-01 00:09:50', '2023-08-01 00:09:50'),
(51, 107, 106, '2023-08-01 00:09:50', '2023-08-01 00:09:50'),
(52, 108, 109, '2023-08-01 00:09:50', '2023-08-01 00:09:50'),
(53, 109, 104, '2023-08-01 00:09:50', '2023-08-01 00:09:50'),
(54, 110, 103, '2023-08-01 00:09:50', '2023-08-01 00:09:50'),
(55, 1, 101, '2023-08-01 10:15:17', '2023-08-01 10:15:17'),
(58, 1, 110, '2023-08-01 14:04:54', '2023-08-01 14:04:54');

-- --------------------------------------------------------

--
-- Table structure for table `failed_jobs`
--

DROP TABLE IF EXISTS `failed_jobs`;
CREATE TABLE IF NOT EXISTS `failed_jobs` (
  `id` bigint UNSIGNED NOT NULL AUTO_INCREMENT,
  `uuid` varchar(191) COLLATE utf8mb4_unicode_ci NOT NULL,
  `connection` text COLLATE utf8mb4_unicode_ci NOT NULL,
  `queue` text COLLATE utf8mb4_unicode_ci NOT NULL,
  `payload` longtext COLLATE utf8mb4_unicode_ci NOT NULL,
  `exception` longtext COLLATE utf8mb4_unicode_ci NOT NULL,
  `failed_at` timestamp NOT NULL DEFAULT CURRENT_TIMESTAMP,
  PRIMARY KEY (`id`),
  UNIQUE KEY `failed_jobs_uuid_unique` (`uuid`)
) ENGINE=MyISAM DEFAULT CHARSET=utf8mb4 COLLATE=utf8mb4_unicode_ci;

-- --------------------------------------------------------

--
-- Table structure for table `invitations`
--

DROP TABLE IF EXISTS `invitations`;
CREATE TABLE IF NOT EXISTS `invitations` (
  `id` bigint UNSIGNED NOT NULL AUTO_INCREMENT,
  `user_id` bigint UNSIGNED DEFAULT NULL,
  `invited_user_id` bigint UNSIGNED DEFAULT NULL,
  `recipient_id` bigint UNSIGNED DEFAULT NULL,
  `created_at` timestamp NULL DEFAULT NULL,
  `updated_at` timestamp NULL DEFAULT NULL,
  PRIMARY KEY (`id`)
) ENGINE=MyISAM AUTO_INCREMENT=12 DEFAULT CHARSET=utf8mb4 COLLATE=utf8mb4_unicode_ci;

--
-- Dumping data for table `invitations`
--

INSERT INTO `invitations` (`id`, `user_id`, `invited_user_id`, `recipient_id`, `created_at`, `updated_at`) VALUES
(2, 19, 1, NULL, '2023-08-01 00:09:50', '2023-08-01 00:09:50'),
(11, 1, 48, NULL, '2023-08-01 14:15:02', '2023-08-01 14:15:02'),
(7, 3, 1, NULL, '2023-08-01 00:09:50', '2023-08-01 00:09:50');

-- --------------------------------------------------------

--
-- Table structure for table `migrations`
--

DROP TABLE IF EXISTS `migrations`;
CREATE TABLE IF NOT EXISTS `migrations` (
  `id` int UNSIGNED NOT NULL AUTO_INCREMENT,
  `migration` varchar(191) COLLATE utf8mb4_unicode_ci NOT NULL,
  `batch` int NOT NULL,
  PRIMARY KEY (`id`)
) ENGINE=MyISAM AUTO_INCREMENT=114 DEFAULT CHARSET=utf8mb4 COLLATE=utf8mb4_unicode_ci;

--
-- Dumping data for table `migrations`
--

INSERT INTO `migrations` (`id`, `migration`, `batch`) VALUES
(106, '2014_10_12_000000_create_users_table', 1),
(107, '2014_10_12_100000_create_password_resets_table', 1),
(108, '2014_10_12_200000_add_two_factor_columns_to_users_table', 1),
(109, '2019_08_19_000000_create_failed_jobs_table', 1),
(110, '2019_12_14_000001_create_personal_access_tokens_table', 1),
(111, '2023_07_31_174545_create_connections_table', 1),
(113, '2023_07_31_174623_create_invitations_table', 2);

-- --------------------------------------------------------

--
-- Table structure for table `password_resets`
--

DROP TABLE IF EXISTS `password_resets`;
CREATE TABLE IF NOT EXISTS `password_resets` (
  `email` varchar(191) COLLATE utf8mb4_unicode_ci NOT NULL,
  `token` varchar(191) COLLATE utf8mb4_unicode_ci NOT NULL,
  `created_at` timestamp NULL DEFAULT NULL,
  KEY `password_resets_email_index` (`email`)
) ENGINE=MyISAM DEFAULT CHARSET=utf8mb4 COLLATE=utf8mb4_unicode_ci;

-- --------------------------------------------------------

--
-- Table structure for table `personal_access_tokens`
--

DROP TABLE IF EXISTS `personal_access_tokens`;
CREATE TABLE IF NOT EXISTS `personal_access_tokens` (
  `id` bigint UNSIGNED NOT NULL AUTO_INCREMENT,
  `tokenable_type` varchar(191) COLLATE utf8mb4_unicode_ci NOT NULL,
  `tokenable_id` bigint UNSIGNED NOT NULL,
  `name` varchar(191) COLLATE utf8mb4_unicode_ci NOT NULL,
  `token` varchar(64) COLLATE utf8mb4_unicode_ci NOT NULL,
  `abilities` text COLLATE utf8mb4_unicode_ci,
  `last_used_at` timestamp NULL DEFAULT NULL,
  `created_at` timestamp NULL DEFAULT NULL,
  `updated_at` timestamp NULL DEFAULT NULL,
  PRIMARY KEY (`id`),
  UNIQUE KEY `personal_access_tokens_token_unique` (`token`),
  KEY `personal_access_tokens_tokenable_type_tokenable_id_index` (`tokenable_type`,`tokenable_id`)
) ENGINE=MyISAM DEFAULT CHARSET=utf8mb4 COLLATE=utf8mb4_unicode_ci;

-- --------------------------------------------------------

--
-- Table structure for table `users`
--

DROP TABLE IF EXISTS `users`;
CREATE TABLE IF NOT EXISTS `users` (
  `id` bigint UNSIGNED NOT NULL AUTO_INCREMENT,
  `name` varchar(191) COLLATE utf8mb4_unicode_ci NOT NULL,
  `email` varchar(191) COLLATE utf8mb4_unicode_ci NOT NULL,
  `email_verified_at` timestamp NULL DEFAULT NULL,
  `password` varchar(191) COLLATE utf8mb4_unicode_ci NOT NULL,
  `two_factor_secret` text COLLATE utf8mb4_unicode_ci,
  `two_factor_recovery_codes` text COLLATE utf8mb4_unicode_ci,
  `two_factor_confirmed_at` timestamp NULL DEFAULT NULL,
  `remember_token` varchar(100) COLLATE utf8mb4_unicode_ci DEFAULT NULL,
  `created_at` timestamp NULL DEFAULT NULL,
  `updated_at` timestamp NULL DEFAULT NULL,
  PRIMARY KEY (`id`),
  UNIQUE KEY `users_email_unique` (`email`)
) ENGINE=MyISAM AUTO_INCREMENT=111 DEFAULT CHARSET=utf8mb4 COLLATE=utf8mb4_unicode_ci;

--
-- Dumping data for table `users`
--

INSERT INTO `users` (`id`, `name`, `email`, `email_verified_at`, `password`, `two_factor_secret`, `two_factor_recovery_codes`, `two_factor_confirmed_at`, `remember_token`, `created_at`, `updated_at`) VALUES
(1, 'Francisco Bins', 'admin@admin.com', NULL, '$2a$09$lzuLzfR8X/hNvU23TYCEBuVaKtK1xnpXyN8jGh32H0qBZd8mUQmG.', NULL, NULL, NULL, NULL, '2023-07-31 14:58:11', '2023-07-31 14:58:11'),
(2, 'Annamae Blick', 'pattie78@example.org', NULL, '$2y$10$3WdpbMqIL3hMJcvWtkoFlOtNYHPWpqEfEGqp18WmyKA89V79X1r2K', NULL, NULL, NULL, NULL, '2023-07-31 14:58:11', '2023-07-31 14:58:11'),
(3, 'Montana Jast I', 'westley61@example.com', NULL, '$2y$10$ST9f9nJaiEdu7enmIpTCqOcajm/.Vm91h3iZMpZfYcfs0Y8or4gXm', NULL, NULL, NULL, NULL, '2023-07-31 14:58:11', '2023-07-31 14:58:11'),
(4, 'Kaia Heller', 'francisco.reilly@example.com', NULL, '$2y$10$GKziGNC/Wli1p8h3RqIKo.CTPWGAbxvcAE9QH6h.OwQOhiZpW9QfG', NULL, NULL, NULL, NULL, '2023-07-31 14:58:11', '2023-07-31 14:58:11'),
(5, 'Adell Boehm', 'brendon.dare@example.com', NULL, '$2y$10$BRNhpu5rcPlQ4gHPccsIcOFJs1XCVq64Fy0ImCkBK3WLeZGFmleA2', NULL, NULL, NULL, NULL, '2023-07-31 14:58:11', '2023-07-31 14:58:11'),
(6, 'Lysanne Ward', 'felicita03@example.com', NULL, '$2y$10$wrMdXyWlwqFs7PkoGHPLhuL5NvXi.EUuNWp5zUbYQ/Y2T2/J0awB2', NULL, NULL, NULL, NULL, '2023-07-31 14:58:11', '2023-07-31 14:58:11'),
(7, 'Madge Greenfelder', 'gkiehn@example.net', NULL, '$2y$10$jfgS8nLwyDI1dYXctDA32udzgrtX7U8nWIgcPkYVuPFpspZeU5JnG', NULL, NULL, NULL, NULL, '2023-07-31 14:58:11', '2023-07-31 14:58:11'),
(8, 'Ashly Schmitt', 'karine03@example.org', NULL, '$2y$10$fUTfs4RsEZtYtwwv3Z8wzuwxsjTQOBc1XWpBIh1cSDh6uvongo8ty', NULL, NULL, NULL, NULL, '2023-07-31 14:58:11', '2023-07-31 14:58:11'),
(9, 'Fae Hilpert', 'ckautzer@example.com', NULL, '$2y$10$bI4AZQoAXO5JMuIhLJ8DSOea6LJ88AXy1FSJ93BKVE73jkT4Qqu96', NULL, NULL, NULL, NULL, '2023-07-31 14:58:11', '2023-07-31 14:58:11'),
(10, 'Merl Champlin', 'aileen75@example.org', NULL, '$2y$10$F.51QdamjKsz5Esy2HmEHecJdakitZWatuJ3dAZ5igbev8RfcJ91W', NULL, NULL, NULL, NULL, '2023-07-31 14:58:11', '2023-07-31 14:58:11'),
(11, 'Kip Klocko', 'stamm.paige@example.org', NULL, '$2y$10$g1YAJ8K37fD9bpTlgl4Go.dcniSsV1dV/bPO4MDKewN658FZM9nS2', NULL, NULL, NULL, NULL, '2023-07-31 23:38:57', '2023-07-31 23:38:57'),
(12, 'Linnie D\'Amore', 'francisca.bashirian@example.net', NULL, '$2y$10$WVZFeY2DEcgBwgKR9IY41eok9Cbhs5fsj4jMu4Lyy9jgGsjxkgHrO', NULL, NULL, NULL, NULL, '2023-07-31 23:38:57', '2023-07-31 23:38:57'),
(13, 'Summer Willms', 'obeer@example.net', NULL, '$2y$10$Q59jHVfJtD8W/7iMocoCtOfPRmTyG6bzgnnKe6IeeEqOv63YYWU7y', NULL, NULL, NULL, NULL, '2023-07-31 23:38:57', '2023-07-31 23:38:57'),
(14, 'Ms. Bridie Doyle', 'kiel69@example.org', NULL, '$2y$10$M47h1zo3JK0oLKbID4m7NOWqmodAwoKyZCDJeWILloeNlX1YBNdxi', NULL, NULL, NULL, NULL, '2023-07-31 23:38:57', '2023-07-31 23:38:57'),
(15, 'Kacey Rempel', 'jayda.ritchie@example.org', NULL, '$2y$10$wAZ5EyaItX1QzEK72GDmpurKiGJE8G5Csmm/in6wYgO9l3DEAbMv2', NULL, NULL, NULL, NULL, '2023-07-31 23:38:57', '2023-07-31 23:38:57'),
(16, 'Vern Renner', 'sanford.beahan@example.net', NULL, '$2y$10$0ae0ETu28qTW36pjF71SNek9TcOUxW2DrjJiRn30GYBz4x1V6/UQ.', NULL, NULL, NULL, NULL, '2023-07-31 23:38:57', '2023-07-31 23:38:57'),
(17, 'Miss Kaia VonRueden', 'madonna09@example.com', NULL, '$2y$10$vizkKJYtfPvawitftiFfmuA3Tis1AcQS0JR5rqzncSMzV8/efYYDe', NULL, NULL, NULL, NULL, '2023-07-31 23:38:57', '2023-07-31 23:38:57'),
(18, 'Dr. Randy Ortiz', 'ebeahan@example.net', NULL, '$2y$10$xO120ivVpH.tK4CwjPxXoeU6PluVMR9ArAa9He1PW05fQAMafvzXS', NULL, NULL, NULL, NULL, '2023-07-31 23:38:57', '2023-07-31 23:38:57'),
(19, 'Haskell Goyette', 'harmony85@example.net', NULL, '$2y$10$r5ZKc9WfntLK7WKAQ9gPfugWIWrIoHHJE4jyOPyZ8wkXLBMN46ePC', NULL, NULL, NULL, NULL, '2023-07-31 23:38:57', '2023-07-31 23:38:57'),
(20, 'Mrs. Eliza Bins', 'ileuschke@example.com', NULL, '$2y$10$U/u3ee4maw31MKUTQRIZsOo1mR8.6vbGeSlMU.j.D81lEaSpGR/le', NULL, NULL, NULL, NULL, '2023-07-31 23:38:57', '2023-07-31 23:38:57'),
(21, 'Ms. Lavonne Schowalter', 'admin24421@admin.com', NULL, '$2y$10$kOsUbYr.zIHmMQ901QLWCe53gXbQi7DolT2WJ4umwCY/i3Jz4ThoO', NULL, NULL, NULL, NULL, '2023-07-31 23:40:26', '2023-07-31 23:40:26'),
(22, 'Laurie Quigley', 'admin5370@admin.com', NULL, '$2y$10$pnrwNr0jcnZ8y1q49FZ/XeG8H5DPAZyuSFjHjfiG4rj/yp98ldeMa', NULL, NULL, NULL, NULL, '2023-07-31 23:40:26', '2023-07-31 23:40:26'),
(23, 'Prof. Cletus Walker', 'admin83791@admin.com', NULL, '$2y$10$TFAqDcHPD9dweokW6NEqG.2cXKGCidsyl.ZMnTSjNyjCd9LpDkM12', NULL, NULL, NULL, NULL, '2023-07-31 23:40:26', '2023-07-31 23:40:26'),
(24, 'Fabiola Hudson', 'admin41194@admin.com', NULL, '$2y$10$TZsrgLRo8xmNLnhjgG0idurbEVvA2p/Iu/IxAecUSkLpuZnafgI1W', NULL, NULL, NULL, NULL, '2023-07-31 23:40:26', '2023-07-31 23:40:26'),
(25, 'David Douglas', 'admin25306@admin.com', NULL, '$2y$10$puxgUi4iQz1xvxzKj3Gwtubb3H6pkG8XVGTCvb8cBnGPjpwZ8FG0y', NULL, NULL, NULL, NULL, '2023-07-31 23:40:26', '2023-07-31 23:40:26'),
(26, 'Prof. Mathew White', 'admin83299@admin.com', NULL, '$2y$10$w4D51WgdZIVBSov03nEVAumJyGRl.SwiNX/Zn5IMdJScDBr0wrKQO', NULL, NULL, NULL, NULL, '2023-07-31 23:40:26', '2023-07-31 23:40:26'),
(27, 'Adeline Rodriguez DDS', 'admin68518@admin.com', NULL, '$2y$10$FmAvKEl5f58AnTV6m2fd8u7Z1Kfyydj9K5kr2znLEB1IgTTs2jnvq', NULL, NULL, NULL, NULL, '2023-07-31 23:40:26', '2023-07-31 23:40:26'),
(28, 'Kelton Schmeler', 'admin46193@admin.com', NULL, '$2y$10$zGsO.Lj3aH/lui47IOyZ2eMeC8jpG.ghk/97a5LBFtU6rTpaNTNQG', NULL, NULL, NULL, NULL, '2023-07-31 23:40:26', '2023-07-31 23:40:26'),
(29, 'Miss Abbigail Breitenberg I', 'admin34397@admin.com', NULL, '$2y$10$qB2ZzIppWxFSzrp0X4r0muo.9v7WZnCDlcnd5D/HdH3oaEhBW9Onu', NULL, NULL, NULL, NULL, '2023-07-31 23:40:26', '2023-07-31 23:40:26'),
(30, 'Verda Jones III', 'admin24672@admin.com', NULL, '$2y$10$htzE6z2myM5zz6ZoN4c4suHi48FZS/oF4ZTHwNLSsLS7OleMrgKxG', NULL, NULL, NULL, NULL, '2023-07-31 23:40:26', '2023-07-31 23:40:26'),
(31, 'Torey Boyle', 'admin15606@admin.com', NULL, '$2y$10$j8aHm62qbsD5BJjsuQuXUOn66FnMKE/S7tcpLLT0wwm4TwsB1Kt5a', NULL, NULL, NULL, NULL, '2023-07-31 23:41:18', '2023-07-31 23:41:18'),
(32, 'Prof. Addie Waelchi IV', 'admin3341@admin.com', NULL, '$2y$10$toPb./Q4aHK5YNlXJ63UFudaQzkb6mc7cgEynPG4YQC952JuG1dHq', NULL, NULL, NULL, NULL, '2023-07-31 23:41:18', '2023-07-31 23:41:18'),
(33, 'Bennett Dibbert', 'admin81040@admin.com', NULL, '$2y$10$KOBKgFsFkdRpcJcPs0YZhOu1NU4z9ugy9EHokj3AXgqVWIxmYLzF.', NULL, NULL, NULL, NULL, '2023-07-31 23:41:18', '2023-07-31 23:41:18'),
(34, 'Vesta Stokes', 'admin3794@admin.com', NULL, '$2y$10$RimFnG0E3rkMoyYl7M/ire.hQLxBKHXDu6MO82NPOJ1x4SH7VkhP6', NULL, NULL, NULL, NULL, '2023-07-31 23:41:18', '2023-07-31 23:41:18'),
(35, 'Dr. Lenora Gleichner', 'admin74412@admin.com', NULL, '$2y$10$hlYFm5mvBfsxi5Iqx4Yod.CGEjtjc6SZYEg/IAwqSZy5qdcw7lmvq', NULL, NULL, NULL, NULL, '2023-07-31 23:41:18', '2023-07-31 23:41:18'),
(36, 'Esta Champlin', 'admin36589@admin.com', NULL, '$2y$10$8x39IY5x.zA8TONWatQq8OmYH4F5NkI0w7/OyXrQi0yxMWoH9dfMS', NULL, NULL, NULL, NULL, '2023-07-31 23:41:18', '2023-07-31 23:41:18'),
(37, 'Domenic Labadie', 'admin74793@admin.com', NULL, '$2y$10$wurttq8y7/Pg5udkcTSDrekF0l6ikyC9HcdkqnW4urpZwCbnq1/pS', NULL, NULL, NULL, NULL, '2023-07-31 23:41:18', '2023-07-31 23:41:18'),
(38, 'Susana Walker', 'admin83942@admin.com', NULL, '$2y$10$IHRj2IWduA2HPPxdWvg2Z.It2SFAf6rOFFCS0lQl0OYqiMVZGhPIq', NULL, NULL, NULL, NULL, '2023-07-31 23:41:18', '2023-07-31 23:41:18'),
(39, 'Marjolaine Koss', 'admin27913@admin.com', NULL, '$2y$10$E.cup9WcWrJPJ9Yqt/1nGukop3AV5Z6ClFzFtnr7LHsdfBedkjlQe', NULL, NULL, NULL, NULL, '2023-07-31 23:41:18', '2023-07-31 23:41:18'),
(40, 'Elisha Blanda', 'admin60181@admin.com', NULL, '$2y$10$zTdEyQBUlCutfxz/wPDi/uyP8IKfPQodxqTPY23UtIDtsWOmoZGry', NULL, NULL, NULL, NULL, '2023-07-31 23:41:18', '2023-07-31 23:41:18'),
(41, 'ali2825', 'admin14755@admin.com', NULL, '$2y$10$c2JjsB9uCLmjCrT8sza2c.ecP7K7BbFpVyRUEf1KyskA.8SOexPWy', NULL, NULL, NULL, NULL, '2023-07-31 23:45:01', '2023-07-31 23:45:01'),
(42, 'ali2420', 'admin20157@admin.com', NULL, '$2y$10$wiV6SQKK3PIiYTvl3oI35.zEBzGAy.HY0cti5W0.UVSmxrQqERIQy', NULL, NULL, NULL, NULL, '2023-07-31 23:45:01', '2023-07-31 23:45:01'),
(43, 'ali2856', 'admin52158@admin.com', NULL, '$2y$10$4OqRIgh5xguEqVo8Qnztqu9Po.irIhMvvhjofV6zPcD0dgr0KBjL6', NULL, NULL, NULL, NULL, '2023-07-31 23:45:01', '2023-07-31 23:45:01'),
(44, 'ali17', 'admin62551@admin.com', NULL, '$2y$10$Wu610lGpucIbG2nexSUpl./Tg3ZHNa01jFFMVFpYhhyCC6VqRnzDO', NULL, NULL, NULL, NULL, '2023-07-31 23:45:01', '2023-07-31 23:45:01'),
(45, 'ali1213', 'admin57027@admin.com', NULL, '$2y$10$FpNVcMFBOonv9XcQhGDYxOx89R8kC4DDPzc58FRF3VcuijHcjBNTy', NULL, NULL, NULL, NULL, '2023-07-31 23:45:01', '2023-07-31 23:45:01'),
(46, 'ali597', 'admin98356@admin.com', NULL, '$2y$10$jENPmrENiNa.6I7q/C9NB.VEs2jc5H0Pv6o1xLRg3t0f1mMrWlrKy', NULL, NULL, NULL, NULL, '2023-07-31 23:45:01', '2023-07-31 23:45:01'),
(47, 'ali2699', 'admin99506@admin.com', NULL, '$2y$10$b3n2c8qeX9tea.45WfltXutZX50jcgrnv9TTAz3nqLPSccXfLECHS', NULL, NULL, NULL, NULL, '2023-07-31 23:45:01', '2023-07-31 23:45:01'),
(48, 'ali2454', 'admin10616@admin.com', NULL, '$2y$10$3sC1lsZbiqpeSCecsUSZi.1LZwtDLGjzkBfgpu.Vw/CAQbsYyjf6S', NULL, NULL, NULL, NULL, '2023-07-31 23:45:01', '2023-07-31 23:45:01'),
(49, 'ali2238', 'admin53493@admin.com', NULL, '$2y$10$KwNqtr6zUOZxgb9eNzE.OeyYFdllSaw4ftimQLX9EHpJaLgwXmN7W', NULL, NULL, NULL, NULL, '2023-07-31 23:45:02', '2023-07-31 23:45:02'),
(50, 'ali2388', 'admin49322@admin.com', NULL, '$2y$10$vfLFf1vmtBgOH/7mggf3auoi4MRy94WD0PrAUwuV0wM4N4NuQjaw.', NULL, NULL, NULL, NULL, '2023-07-31 23:45:02', '2023-07-31 23:45:02'),
(51, 'ali607', 'admin34206@admin.com', NULL, '$2y$10$HoK0XULH0rOOiCK4EFbRiOjWBls2uzAMCgxexhTd9fYxxI2aB8yqq', NULL, NULL, NULL, NULL, '2023-07-31 23:45:51', '2023-07-31 23:45:51'),
(52, 'ali1344', 'admin17429@admin.com', NULL, '$2y$10$ZGL80L30IiNlbqtZ1PhV/e2Zci1xKO.6PgbfuzRHsRi2h2IhU8Hfu', NULL, NULL, NULL, NULL, '2023-07-31 23:45:51', '2023-07-31 23:45:51'),
(53, 'ali2592', 'admin87049@admin.com', NULL, '$2y$10$gb61zbYBrYatO0rXTl8pdutqEN5VgVshbF55Hk0O6SrhtEujXoW5e', NULL, NULL, NULL, NULL, '2023-07-31 23:45:51', '2023-07-31 23:45:51'),
(54, 'ali1610', 'admin53004@admin.com', NULL, '$2y$10$2Usm4Uo7VB6lUfz7SrP/ru1cUKSN61HMWwDkkzWzQvrswXE8zlF7i', NULL, NULL, NULL, NULL, '2023-07-31 23:45:51', '2023-07-31 23:45:51'),
(55, 'ali1478', 'admin91603@admin.com', NULL, '$2y$10$KKcpP/PovbUHjNvhHukfaeHHe0BELBXtD6ngl1pryOmIZZr6utmYa', NULL, NULL, NULL, NULL, '2023-07-31 23:45:51', '2023-07-31 23:45:51'),
(56, 'ali2899', 'admin11915@admin.com', NULL, '$2y$10$5cwLAsJBb1q7XpVn5Nbt6OBskD3eCZyo6N4csqTTAMt18kFV3bOj2', NULL, NULL, NULL, NULL, '2023-07-31 23:45:51', '2023-07-31 23:45:51'),
(57, 'ali2436', 'admin47731@admin.com', NULL, '$2y$10$JYRJTtOw2JddN2rjx9PaTODzLPX9g8.EeJ2KddAGGf5.SFaq/K8nu', NULL, NULL, NULL, NULL, '2023-07-31 23:45:51', '2023-07-31 23:45:51'),
(58, 'ali1387', 'admin29675@admin.com', NULL, '$2y$10$ZFO1dFc4C9asKR4XTYFl8e4.3AB.qq82NKanz29kMV7WDmXgoTr5y', NULL, NULL, NULL, NULL, '2023-07-31 23:45:51', '2023-07-31 23:45:51'),
(59, 'ali654', 'admin26237@admin.com', NULL, '$2y$10$XqG8sMEgdCyjZGUyP.en/evAfxinLxNy7vxV1yjsrzqp/4hFa.QBm', NULL, NULL, NULL, NULL, '2023-07-31 23:45:51', '2023-07-31 23:45:51'),
(60, 'ali43', 'admin66610@admin.com', NULL, '$2y$10$n27nJQTpwMvZT7xsXk9Mfe6D6egdl0mFgKGXVbD.VPUqDTMmCkaCK', NULL, NULL, NULL, NULL, '2023-07-31 23:45:52', '2023-07-31 23:45:52'),
(61, 'ali236', 'admin38882@admin.com', NULL, '$2y$10$cVLmhND4wA9iLA/Pzl/51u7K00YP0pBggrerveZ7g3FZuoIo0etPW', NULL, NULL, NULL, NULL, '2023-07-31 23:57:08', '2023-07-31 23:57:08'),
(62, 'ali2805', 'admin98865@admin.com', NULL, '$2y$10$fGqJi7La0JTEshXPDAgGVeVShfnEO9jquIXLI8VNzNM645kOjSufe', NULL, NULL, NULL, NULL, '2023-07-31 23:57:08', '2023-07-31 23:57:08'),
(63, 'ali1605', 'admin78233@admin.com', NULL, '$2y$10$CwQKrLiwx4zScgKv1J5SAuxQ7kTs5xKpzdB0yHGC2AyrdqxSne3r.', NULL, NULL, NULL, NULL, '2023-07-31 23:57:08', '2023-07-31 23:57:08'),
(64, 'ali2608', 'admin54565@admin.com', NULL, '$2y$10$RFxoK/5uyRwmaE5MG8TXLePvlE11N/kVCUsNebw2r66Bxmr796Hy.', NULL, NULL, NULL, NULL, '2023-07-31 23:57:08', '2023-07-31 23:57:08'),
(65, 'ali696', 'admin23148@admin.com', NULL, '$2y$10$GYLUQdh9QiTvGDTohLZlPesWUgsQYdNySCzf5QKjqP7KyU21MBChu', NULL, NULL, NULL, NULL, '2023-07-31 23:57:08', '2023-07-31 23:57:08'),
(66, 'ali2339', 'admin32926@admin.com', NULL, '$2y$10$gD2U/1ZDaVyo5hJOtdX.sey4Cg59G3dAbuKbtflYArH3vo6PMF4OO', NULL, NULL, NULL, NULL, '2023-07-31 23:57:09', '2023-07-31 23:57:09'),
(67, 'ali288', 'admin39207@admin.com', NULL, '$2y$10$SmOuyyQr//fVFbyezQq9NeXSgaLWyFCGh0/vAgGjQOns7dmpxtRzS', NULL, NULL, NULL, NULL, '2023-07-31 23:57:09', '2023-07-31 23:57:09'),
(68, 'ali170', 'admin40792@admin.com', NULL, '$2y$10$HqLEQukHTHZEsjSX5UMMAu2eTryIfwcoyyGFVBaX2J0sUkJVdASRS', NULL, NULL, NULL, NULL, '2023-07-31 23:57:09', '2023-07-31 23:57:09'),
(69, 'ali1816', 'admin3085@admin.com', NULL, '$2y$10$L.iyeFA6TqebLZt3Z9TL7e.b1H1S4OcAiwIeNSlQ.Z/dShr6YCzqq', NULL, NULL, NULL, NULL, '2023-07-31 23:57:09', '2023-07-31 23:57:09'),
(70, 'ali1761', 'admin46618@admin.com', NULL, '$2y$10$Qe4V1mH19mv5hw7vVaPEWOZbiQN.8DhVFG3iaasdcJXblL3zXD7.S', NULL, NULL, NULL, NULL, '2023-07-31 23:57:09', '2023-07-31 23:57:09'),
(71, 'ali1882', 'admin45156@admin.com', NULL, '$2y$10$4aoDpmXqyen9bfuVRnitqe16nUCalw5b0iR5XyZzqDAiKrtkQ7KVm', NULL, NULL, NULL, NULL, '2023-08-01 00:03:56', '2023-08-01 00:03:56'),
(72, 'ali1692', 'admin72938@admin.com', NULL, '$2y$10$C8HZf.r1MO5BJj7t7zE3OuvKmjqLwvit.rP0kVTi1tr42Ns.B.fbu', NULL, NULL, NULL, NULL, '2023-08-01 00:03:56', '2023-08-01 00:03:56'),
(73, 'ali493', 'admin42392@admin.com', NULL, '$2y$10$5RQ4RcASfY1wPHMFhHbqC.lkUhHcMn4thl6PhCxXL0VHFIw6F7hXC', NULL, NULL, NULL, NULL, '2023-08-01 00:03:56', '2023-08-01 00:03:56'),
(74, 'ali816', 'admin71353@admin.com', NULL, '$2y$10$IEEmOR4RSx8PP7Fw51HvaO2wX.5MM942/xHu/mqaHOoy.koQxg3pi', NULL, NULL, NULL, NULL, '2023-08-01 00:03:56', '2023-08-01 00:03:56'),
(75, 'ali2839', 'admin18392@admin.com', NULL, '$2y$10$H2JZ4wFiCoumcAyVeSVA5.4UNYqUZR0F9C9RjZ9OenIgVfSvyhXju', NULL, NULL, NULL, NULL, '2023-08-01 00:03:56', '2023-08-01 00:03:56'),
(76, 'ali2360', 'admin59490@admin.com', NULL, '$2y$10$0UlOwOuHmtY0pc.SalVMKuhnWCStPc87FcAFbCuI3UQjOM7sQ5v5.', NULL, NULL, NULL, NULL, '2023-08-01 00:03:56', '2023-08-01 00:03:56'),
(77, 'ali2987', 'admin54483@admin.com', NULL, '$2y$10$nOYYIVlYVjGDq/.AVM6.XOv14TH7LQpCy/JsqxMsAQJ9JX5GBGBp2', NULL, NULL, NULL, NULL, '2023-08-01 00:03:57', '2023-08-01 00:03:57'),
(78, 'ali2973', 'admin26637@admin.com', NULL, '$2y$10$Vcj76vx43LtkcEix8QPyd.4i3qRzQOF5yIEiKgG5p/Cv01GGGVRvy', NULL, NULL, NULL, NULL, '2023-08-01 00:03:57', '2023-08-01 00:03:57'),
(79, 'ali2335', 'admin65636@admin.com', NULL, '$2y$10$p3Gy3fna2rkUjnqgThCXM.SPmuMe9jfxg2iOKrP9p8vQW9sBaHasG', NULL, NULL, NULL, NULL, '2023-08-01 00:03:57', '2023-08-01 00:03:57'),
(80, 'ali2323', 'admin97529@admin.com', NULL, '$2y$10$dWGmE6Z0aadRDToArX2LB.YH/BGF8zjj1StOrJ3tGsN3YCFnnI1cO', NULL, NULL, NULL, NULL, '2023-08-01 00:03:57', '2023-08-01 00:03:57'),
(81, 'ali2609', 'admin31643@admin.com', NULL, '$2y$10$UOTTc3Z9sUS7scTFShdRmeM3a5oOmc/bLuWC4d.SeWgAgc286Mad6', NULL, NULL, NULL, NULL, '2023-08-01 00:06:43', '2023-08-01 00:06:43'),
(82, 'ali2594', 'admin83580@admin.com', NULL, '$2y$10$20/3bQ.F2NxyqYxb/4Y6nO.bsUsqIYjIIo7OQBDi6ZDvkTD6QhBoS', NULL, NULL, NULL, NULL, '2023-08-01 00:06:43', '2023-08-01 00:06:43'),
(83, 'ali426', 'admin53784@admin.com', NULL, '$2y$10$kX710T0xcn915d/TZ2r7heDtzxUkDclvCD80beFM0vzp3quL9KNIS', NULL, NULL, NULL, NULL, '2023-08-01 00:06:43', '2023-08-01 00:06:43'),
(84, 'ali1991', 'admin67016@admin.com', NULL, '$2y$10$JBllIuhL/8FDKHnCZjGvB.kXx4OmlQ52GZzriO7BANzxBDANQd3em', NULL, NULL, NULL, NULL, '2023-08-01 00:06:43', '2023-08-01 00:06:43'),
(85, 'ali1043', 'admin72965@admin.com', NULL, '$2y$10$0NwA5Lc1X9N6Xsp9WKw83OxHV/YqZXC4/Rfxp3eRGoYCnskQMIgQC', NULL, NULL, NULL, NULL, '2023-08-01 00:06:43', '2023-08-01 00:06:43'),
(86, 'ali120', 'admin52141@admin.com', NULL, '$2y$10$oNwN/8UGft.0DWA.SYtqj.079GErKOVR5oLTPWFNnUwwdp7PXhktK', NULL, NULL, NULL, NULL, '2023-08-01 00:06:43', '2023-08-01 00:06:43'),
(87, 'ali735', 'admin98249@admin.com', NULL, '$2y$10$XI6tqspdpymAB1OvHSBcPu8IdrwNIOjg5O2forwexWjxr.tVa.bZq', NULL, NULL, NULL, NULL, '2023-08-01 00:06:43', '2023-08-01 00:06:43'),
(88, 'ali2622', 'admin24258@admin.com', NULL, '$2y$10$llWbW2jDi7E7aJ0JFayO8.7vMQlSx9hYGFhr/Tn5ihyXXbBxfuypK', NULL, NULL, NULL, NULL, '2023-08-01 00:06:43', '2023-08-01 00:06:43'),
(89, 'ali2465', 'admin64873@admin.com', NULL, '$2y$10$LkhSP6CnAX8WRyJelGbMQOpZH6w/P77aZ5qctGuEXB.cGq2Sk3/iK', NULL, NULL, NULL, NULL, '2023-08-01 00:06:44', '2023-08-01 00:06:44'),
(90, 'ali2580', 'admin26178@admin.com', NULL, '$2y$10$t8O36cEhUr89u//2phVZZetW8cLXPFbAm1qSMsA5mh6T69ZrLTBtW', NULL, NULL, NULL, NULL, '2023-08-01 00:06:44', '2023-08-01 00:06:44'),
(91, 'ali31', 'admin77464@admin.com', NULL, '$2y$10$eL4/KkL58dRiH1MrEAGi..RydqarhuyU2R98p5Cme7DODzWVGN3P6', NULL, NULL, NULL, NULL, '2023-08-01 00:09:17', '2023-08-01 00:09:17'),
(92, 'ali1131', 'admin79046@admin.com', NULL, '$2y$10$RuODiWlM.yVhDg7PyDr0VuZG24MtjIND3mLYWlFCOb1DK6XvG4a1W', NULL, NULL, NULL, NULL, '2023-08-01 00:09:17', '2023-08-01 00:09:17'),
(93, 'ali477', 'admin42553@admin.com', NULL, '$2y$10$SWL1O6cEqZGct/AzIQO/3Ot9TeHewwexaxbncKkdnmHPY6vbaR6QO', NULL, NULL, NULL, NULL, '2023-08-01 00:09:17', '2023-08-01 00:09:17'),
(94, 'ali707', 'admin41871@admin.com', NULL, '$2y$10$fxi0Tl.r6LIai.kWM/Z/TuAG8.1YP/5oOREqWpkQPTbqYkjUPPXiO', NULL, NULL, NULL, NULL, '2023-08-01 00:09:17', '2023-08-01 00:09:17'),
(95, 'ali2946', 'admin38710@admin.com', NULL, '$2y$10$0GFfcLIdiuVo9Bgtd1tbPupxrRgPfZRK2GdHXKgGAd0gx1WsvZOBy', NULL, NULL, NULL, NULL, '2023-08-01 00:09:17', '2023-08-01 00:09:17'),
(96, 'ali1656', 'admin43762@admin.com', NULL, '$2y$10$0Ys2VuKFdnKE2VsQYm9Rjeh5ioCM87y1aAXt27XyQrXgOhgfSrE7i', NULL, NULL, NULL, NULL, '2023-08-01 00:09:17', '2023-08-01 00:09:17'),
(97, 'ali2311', 'admin44942@admin.com', NULL, '$2y$10$lJ/0vFqkOqPPbrMbpJtU0uOYAxQWxn/P./XyLcMpGVHe.RnR/Pvwy', NULL, NULL, NULL, NULL, '2023-08-01 00:09:17', '2023-08-01 00:09:17'),
(98, 'ali1554', 'admin38085@admin.com', NULL, '$2y$10$eNDVAJVVFDFwQPBAXlHynebm3uifNHFbqevi3paN5L11.tBgYKL8a', NULL, NULL, NULL, NULL, '2023-08-01 00:09:17', '2023-08-01 00:09:17'),
(99, 'ali649', 'admin74816@admin.com', NULL, '$2y$10$uDzKdoiF7/EkO9bQr9jAQOFOppDcOvWn.dxrItWuh5YvbA7SqXO0.', NULL, NULL, NULL, NULL, '2023-08-01 00:09:18', '2023-08-01 00:09:18'),
(100, 'ali1080', 'admin47458@admin.com', NULL, '$2y$10$Nrnp9ORS8cL1z1XQtJHokO9ySnp90amrcHxjSzWNE5itEIC7YIo5S', NULL, NULL, NULL, NULL, '2023-08-01 00:09:18', '2023-08-01 00:09:18'),
(101, 'ali2540', 'admin48798@admin.com', NULL, '$2y$10$rkycQCLnGoUaWDRWD7L0z.h4GdFFQJ8LmGaX4b4ZqUktxJ01OyMPG', NULL, NULL, NULL, NULL, '2023-08-01 00:09:50', '2023-08-01 00:09:50'),
(102, 'ali2304', 'admin9785@admin.com', NULL, '$2y$10$yXv9a8PxJa47JWw6OAb9Ee7Eo1vWB61OirdVQkESSzaMYYndhCxOy', NULL, NULL, NULL, NULL, '2023-08-01 00:09:50', '2023-08-01 00:09:50'),
(103, 'ali1724', 'admin88742@admin.com', NULL, '$2y$10$m4TowS8ps5Aq8QqQIqmtaej3DvfCKefnTYVQEHtDacMB9aXFMsiPm', NULL, NULL, NULL, NULL, '2023-08-01 00:09:50', '2023-08-01 00:09:50'),
(104, 'ali159', 'admin89620@admin.com', NULL, '$2y$10$8/e2hElD2vJYDlu7rdz01uv7nEjrvx3cAtBow5Cjndp1KnDmedsQa', NULL, NULL, NULL, NULL, '2023-08-01 00:09:50', '2023-08-01 00:09:50'),
(105, 'ali2105', 'admin86564@admin.com', NULL, '$2y$10$rNSJDT1trwVWXpxAxraOKOU6bHziAVjHftEkm3vIm675iqLDXz.x6', NULL, NULL, NULL, NULL, '2023-08-01 00:09:50', '2023-08-01 00:09:50'),
(106, 'ali2672', 'admin23089@admin.com', NULL, '$2y$10$aG4MDTltuOU6r9yCq5Ct0u5sfHeMwWOXmK.md4ic0qmNqlpHrOGpO', NULL, NULL, NULL, NULL, '2023-08-01 00:09:50', '2023-08-01 00:09:50'),
(107, 'ali1063', 'admin41604@admin.com', NULL, '$2y$10$4KdWYatksTVqXTXgNIMrkO.kluSLKM752A2tg.emPcKnFA8hjka32', NULL, NULL, NULL, NULL, '2023-08-01 00:09:50', '2023-08-01 00:09:50'),
(108, 'ali1213', 'admin50345@admin.com', NULL, '$2y$10$wPbV2K54sHUvnYVXzXJ7JO/HVBPZoPMxXN8OgzW35c8yO5p0x2TOm', NULL, NULL, NULL, NULL, '2023-08-01 00:09:50', '2023-08-01 00:09:50'),
(109, 'ali1306', 'admin98795@admin.com', NULL, '$2y$10$4DJgl4gZc/Lh50JAA8YGUeL5DDg8hcXYzUHWdPw7YA23MmquvBlB.', NULL, NULL, NULL, NULL, '2023-08-01 00:09:50', '2023-08-01 00:09:50'),
(110, 'ali1257', 'admin81494@admin.com', NULL, '$2y$10$nTJBrnKHceMgAS.2DeQiWe6TDE.Vr9aGqAUl9Z8zEOjyTVas/gDne', NULL, NULL, NULL, NULL, '2023-08-01 00:09:50', '2023-08-01 00:09:50');
COMMIT;

/*!40101 SET CHARACTER_SET_CLIENT=@OLD_CHARACTER_SET_CLIENT */;
/*!40101 SET CHARACTER_SET_RESULTS=@OLD_CHARACTER_SET_RESULTS */;
/*!40101 SET COLLATION_CONNECTION=@OLD_COLLATION_CONNECTION */;
